{
  "url": "/v1/lookups/dealstatuses",
  "results": [
    {
      "name": "Bound",
      "value": "0",
      "group": null,
      "isActive": true
    },
    {
      "name": "Cleared",
      "value": "21",
      "group": null,
      "isActive": true
    },
    {
      "name": "Authorize",
      "value": "80",
      "group": null,
      "isActive": true
    },
    {
      "name": "In Due Diligence",
      "value": "1",
      "group": null,
      "isActive": true
    },
    {
      "name": "Indicated",
      "value": "15",
      "group": null,
      "isActive": true
    },
    {
      "name": "Inquired",
      "value": "41",
      "group": null,
      "isActive": true
    },
    {
      "name": "Outstanding Quote",
      "value": "2",
      "group": null,
      "isActive": true
    },
    {
      "name": "Under Review",
      "value": "3",
      "group": null,
      "isActive": true
    },
    {
      "name": "Declined - Exceeds Capacity",
      "value": "46",
      "group": null,
      "isActive": true
    },
    {
      "name": "Declined - Exposure to Loss",
      "value": "48",
      "group": null,
      "isActive": true
    },
    {
      "name": "Declined - Financials",
      "value": "71",
      "group": null,
      "isActive": true
    },
    {
      "name": "Declined - Insufficient Data/Terms",
      "value": "72",
      "group": null,
      "isActive": true
    },
    {
      "name": "Declined - Insufficient Pricing",
      "value": "47",
      "group": null,
      "isActive": true
    },
    {
      "name": "Declined - Loss History",
      "value": "52",
      "group": null,
      "isActive": true
    },
    {
      "name": "Declined - Outside Guidelines",
      "value": "49",
      "group": null,
      "isActive": true
    },
    {
      "name": "Declined - Underwriting reasons",
      "value": "30",
      "group": null,
      "isActive": true
    },
    {
      "name": "Closed Quote",
      "value": "44",
      "group": null,
      "isActive": true
    },
    {
      "name": "Dead - Class of Business",
      "value": "12",
      "group": null,
      "isActive": true
    },
    {
      "name": "Dead - Cleared in Error",
      "value": "40",
      "group": null,
      "isActive": true
    },
    {
      "name": "Dead - Declined",
      "value": "6",
      "group": null,
      "isActive": true
    },
    {
      "name": "Dead - Follow line - Lost",
      "value": "31",
      "group": null,
      "isActive": true
    },
    {
      "name": "Dead - FOT Rejected",
      "value": "65",
      "group": null,
      "isActive": true
    },
    {
      "name": "Dead - Authorization Rejected",
      "value": "66",
      "group": null,
      "isActive": true
    },
    {
      "name": "Dead - Inadequate Terms",
      "value": "9",
      "group": null,
      "isActive": true
    },
    {
      "name": "Dead - Insuffcient Data",
      "value": "8",
      "group": null,
      "isActive": true
    },
    {
      "name": "Dead - Cedent Did Not Purchase (CDNP)",
      "value": "67",
      "group": null,
      "isActive": true
    },
    {
      "name": "Dead - Insufficient Pricing",
      "value": "7",
      "group": null,
      "isActive": true
    },
    {
      "name": "Dead - No Activity",
      "value": "39",
      "group": null,
      "isActive": true
    },
    {
      "name": "Dead - No Opportunity",
      "value": "11",
      "group": null,
      "isActive": true
    },
    {
      "name": "Dead - Not Renewed",
      "value": "34",
      "group": null,
      "isActive": true
    },
    {
      "name": "Dead - Not Renewed - Lost",
      "value": "38",
      "group": null,
      "isActive": true
    },
    {
      "name": "Dead - One Off",
      "value": "13",
      "group": null,
      "isActive": true
    },
    {
      "name": "Dead - Quoted - CDNP",
      "value": "5",
      "group": null,
      "isActive": true
    },
    {
      "name": "Dead - Quoted - Lost",
      "value": "4",
      "group": null,
      "isActive": true
    },
    {
      "name": "Dead - Quoted - LR Cap",
      "value": "10",
      "group": null,
      "isActive": true
    },
    {
      "name": "Dead - Quoted - quote not taken",
      "value": "36",
      "group": null,
      "isActive": true
    },
    {
      "name": "Dead - Quoted - Renewal Lost",
      "value": "37",
      "group": null,
      "isActive": true
    },
    {
      "name": "Accepted Pending contract",
      "value": "70",
      "group": null,
      "isActive": true
    },
    {
      "name": "Bound (Other System)",
      "value": "26",
      "group": null,
      "isActive": true
    },
    {
      "name": "Bound Pending Data Entry",
      "value": "29",
      "group": null,
      "isActive": true
    },
    {
      "name": "Closed - Other Max Team",
      "value": "20",
      "group": null,
      "isActive": true
    },
    {
      "name": "Informational Agreement",
      "value": "33",
      "group": null,
      "isActive": true
    },
    {
      "name": "On Hold",
      "value": "16",
      "group": null,
      "isActive": true
    },
    {
      "name": "Outstanding Follow line",
      "value": "32",
      "group": null,
      "isActive": true
    },
    {
      "name": "Quoted (Other System)",
      "value": "25",
      "group": null,
      "isActive": true
    },
    {
      "name": "Reviewed (Awaiting Terms)",
      "value": "27",
      "group": null,
      "isActive": true
    },
    {
      "name": "Submission Not Received",
      "value": "24",
      "group": null,
      "isActive": true
    },
    {
      "name": "Superceded (Imported Deal)",
      "value": "28",
      "group": null,
      "isActive": true
    },
    {
      "name": "To Be Declined",
      "value": "14",
      "group": null,
      "isActive": true
    },
    {
      "name": "Max Managers Lineslip",
      "value": "64",
      "group": null,
      "isActive": true
    },{
  "url": "/v1/lookups/rolepersons?roles=GlobalRe.Underwriter,GlobalRe.Underwriter%20Manager",
  "results": [
    {
      "name": "Alan Dowling",
      "value": "52517",
      "group": "GlobalRe.Underwriter",
      "isActive": true
    },
    {
      "name": "Allan Fox",
      "value": "34623",
      "group": "GlobalRe.Underwriter",
      "isActive": true
    },
    {
      "name": "Amy Gimbel",
      "value": "873638",
      "group": "GlobalRe.Underwriter",
      "isActive": true
    },
    {
      "name": "Andresa Tucker",
      "value": "9797",
      "group": "GlobalRe.Underwriter",
      "isActive": true
    },
    {
      "name": "Andrew Barnard",
      "value": "35402",
      "group": "GlobalRe.Underwriter Manager",
      "isActive": true
    },
    {
      "name": "Angela Bowles",
      "value": "950994",
      "group": "GlobalRe.Underwriter",
      "isActive": true
    },
    {
      "name": "Benedict Parfit",
      "value": "843379",
      "group": "GlobalRe.Underwriter",
      "isActive": true
    },
    {
      "name": "Brendan Falvey",
      "value": "848179",
      "group": "GlobalRe.Underwriter",
      "isActive": true
    },
    {
      "name": "Bruce Stocker",
      "value": "48629",
      "group": "GlobalRe.Underwriter",
      "isActive": true
    },
    {
      "name": "Crystal Doughty",
      "value": "11123",
      "group": "GlobalRe.Underwriter",
      "isActive": true
    },
    {
      "name": "Diana Lafemina",
      "value": "950986",
      "group": "GlobalRe.Underwriter",
      "isActive": true
    },
    {
      "name": "Donald Bahr",
      "value": "9402",
      "group": "GlobalRe.Underwriter Manager",
      "isActive": true
    },
    {
      "name": "Erica Rance Mill",
      "value": "10275",
      "group": "GlobalRe.Underwriter",
      "isActive": true
    },
    {
      "name": "Frank Bigley",
      "value": "64710",
      "group": "GlobalRe.Underwriter",
      "isActive": true
    },
    {
      "name": "Fred Ruck",
      "value": "32916",
      "group": "GlobalRe.Underwriter",
      "isActive": true
    },
    {
      "name": "Gregory McBride",
      "value": "784393",
      "group": "GlobalRe.Underwriter",
      "isActive": true
    },
    {
      "name": "James Welsby",
      "value": "66495",
      "group": "GlobalRe.Underwriter",
      "isActive": true
    },
    {
      "name": "John Duda",
      "value": "66602",
      "group": "GlobalRe.Underwriter",
      "isActive": true
    },
    {
      "name": "Joscelin Burrer",
      "value": "34608",
      "group": "GlobalRe.Underwriter",
      "isActive": true
    },
    {
      "name": "Julie Hassan",
      "value": "34609",
      "group": "GlobalRe.Underwriter",
      "isActive": true
    },
    {
      "name": "Justin  Houghtaling",
      "value": "848178",
      "group": "GlobalRe.Underwriter",
      "isActive": true
    },
    {
      "name": "Kirby Montgomery",
      "value": "950979",
      "group": "GlobalRe.Underwriter Manager",
      "isActive": true
    },
    {
      "name": "Lyle McCoy",
      "value": "52520",
      "group": "GlobalRe.Underwriter",
      "isActive": true
    },
    {
      "name": "Margaux Hackett",
      "value": "853777",
      "group": "GlobalRe.Underwriter",
      "isActive": true
    },
    {
      "name": "Marlon Williams",
      "value": "9798",
      "group": "GlobalRe.Underwriter",
      "isActive": true
    },
    {
      "name": "May McKevitt",
      "value": "10725",
      "group": "GlobalRe.Underwriter",
      "isActive": true
    },
    {
      "name": "Meghann Hedgepeth",
      "value": "821278",
      "group": "GlobalRe.Underwriter",
      "isActive": true
    },
    {
      "name": "Mike McCarthy",
      "value": "64551",
      "group": "GlobalRe.Underwriter",
      "isActive": true
    },
    {
      "name": "Mike Sardinia",
      "value": "853586",
      "group": "GlobalRe.Underwriter",
      "isActive": true
    },
    {
      "name": "Miles Staples",
      "value": "799488",
      "group": "GlobalRe.Underwriter",
      "isActive": true
    },
    {
      "name": "Paul Carroll",
      "value": "65564",
      "group": "GlobalRe.Underwriter",
      "isActive": true
    },
    {
      "name": "Peta White",
      "value": "10403",
      "group": "GlobalRe.Underwriter Manager",
      "isActive": true
    },
    {
      "name": "Philip Freda",
      "value": "848177",
      "group": "GlobalRe.Underwriter Manager",
      "isActive": true
    },
    {
      "name": "Roslin Gibson",
      "value": "950995",
      "group": "GlobalRe.Underwriter",
      "isActive": true
    },
    {
      "name": "Tod Costikyan",
      "value": "52026",
      "group": "GlobalRe.Underwriter Manager",
      "isActive": true
    },
    {
      "name": "Wendi McDonnell",
      "value": "950993",
      "group": "GlobalRe.Underwriter",
      "isActive": true
    },
    {
      "name": "William Pentony",
      "value": "52523",
      "group": "GlobalRe.Underwriter",
      "isActive": true
    }
  ],
  "totalRecords": 37
}