{
  "url": "/v1/lookups/rolepersons?roles=GlobalRe.UA/TA,GlobalRe.Property%20UA/TA",
  "results": [
    {
      "name": "Corey Masters-Brown",
      "value": "924740",
      "group": "GlobalRe.Property UA/TA",
      "isActive": true
    },
    {
      "name": "Elena Marshall",
      "value": "44354",
      "group": "GlobalRe.Property UA/TA",
      "isActive": true
    },
    {
      "name": "Ellen Konikowski",
      "value": "35638",
      "group": "GlobalRe.UA/TA",
      "isActive": true
    },
    {
      "name": "Jennifer Gazzard",
      "value": "59632",
      "group": "GlobalRe.Property UA/TA",
      "isActive": true
    },
    {
      "name": "Kate Trent",
      "value": "950996",
      "group": "GlobalRe.UA/TA",
      "isActive": true
    },
    {
      "name": "Katie Jackosky",
      "value": "49603",
      "group": "GlobalRe.UA/TA",
      "isActive": true
    },
    {
      "name": "Rhonda Corbin",
      "value": "627938",
      "group": "GlobalRe.UA/TA",
      "isActive": true
    },
    {
      "name": "Verlicher Glasgow",
      "value": "33725",
      "group": "GlobalRe.Property UA/TA",
      "isActive": true
    }
  ],
  "totalRecords": 8
}